text_id,result_text_version,display_order,section,claim_kind,mode,factor_id,band,title_id,preview_allowed,text,status
title-balanced-subtitle,result-text-v2,1,titleSubtitle,entertainmentReason,,,,title-balanced,true,五つの傾向が近い範囲に集まるバランス派,approved
title-balanced-reason,result-text-v2,2,titleReason,entertainmentReason,,,,title-balanced,true,今回の回答では、特定の傾向だけが強く前面に出るというより五つの因子すべてが尺度内の中間域に収まりました。五つの傾向をまんべんなく見渡すような結果から、今回はこの称号になりました。,approved
title-single-intellectImagination-high-subtitle,result-text-v2,3,titleSubtitle,entertainmentReason,,,,title-single-intellectImagination-high,true,新しい考えや未知のテーマを追いかける探究派,approved
title-single-intellectImagination-high-reason,result-text-v2,4,titleReason,entertainmentReason,,,,title-single-intellectImagination-high,true,今回の回答では、新しい考え方や未知のテーマに関心を向ける回答が比較的多く見られました。ほかの四つの因子は中間域だったため「おいかける探究者」という称号になりました。,approved
title-single-intellectImagination-low-subtitle,result-text-v2,5,titleSubtitle,entertainmentReason,,,,title-single-intellectImagination-low,true,具体的で確かな内容を重視する現実派,approved
title-single-intellectImagination-low-reason,result-text-v2,6,titleReason,entertainmentReason,,,,title-single-intellectImagination-low,true,今回の回答では、抽象的な発想を広げることより具体的で確かめやすい内容に関心を向ける回答が多く見られました。ほかの四つの因子は中間域だったため「手ざわりをたどる散策者」という称号になりました。,approved
title-single-conscientiousness-high-subtitle,result-text-v2,7,titleSubtitle,entertainmentReason,,,,title-single-conscientiousness-high,true,予定や手順を整えて進める計画派,approved
title-single-conscientiousness-high-reason,result-text-v2,8,titleReason,entertainmentReason,,,,title-single-conscientiousness-high,true,今回の回答では、予定や手順を整えて準備しながら物事を進める回答が比較的多く見られました。ほかの四つの因子は中間域だったため「整然たる計画者」という称号になりました。,approved
title-single-conscientiousness-low-subtitle,result-text-v2,9,titleSubtitle,entertainmentReason,,,,title-single-conscientiousness-low,true,計画を固めるより状況を見ながら進めるマイペース派,approved
title-single-conscientiousness-low-reason,result-text-v2,10,titleReason,entertainmentReason,,,,title-single-conscientiousness-low,true,今回の回答では、先に計画を固めるよりその時々の状況や関心に応じて進める回答が多く見られました。ほかの四つの因子は中間域だったため「風向きに道を変える漂泊者」という称号になりました。,approved
title-single-extraversion-high-subtitle,result-text-v2,11,titleSubtitle,entertainmentReason,,,,title-single-extraversion-high,true,人との交流や活気のある場を好む社交派,approved
title-single-extraversion-high-reason,result-text-v2,12,titleReason,entertainmentReason,,,,title-single-extraversion-high,true,今回の回答では、人との交流や活気のある場に関心を向ける回答が比較的多く見られました。ほかの四つの因子は中間域だったため「にぎわいへ進む交遊者」という称号になりました。,approved
title-single-extraversion-low-subtitle,result-text-v2,13,titleSubtitle,entertainmentReason,,,,title-single-extraversion-low,true,落ち着いた環境や少人数での交流を好む少人数派,approved
title-single-extraversion-low-reason,result-text-v2,14,titleReason,entertainmentReason,,,,title-single-extraversion-low,true,今回の回答では、にぎやかな交流より落ち着いた環境や少人数での関わりを選ぶ回答が比較的多く見られました。ほかの四つの因子は中間域だったため「静謐なる滞在者」という称号になりました。,approved
title-single-agreeableness-high-subtitle,result-text-v2,15,titleSubtitle,entertainmentReason,,,,title-single-agreeableness-high,true,相手の気持ちや周囲との調和を大切にする協調重視派,approved
title-single-agreeableness-high-reason,result-text-v2,16,titleReason,entertainmentReason,,,,title-single-agreeableness-high,true,今回の回答では、相手の立場や気持ちを考えながら周囲との調和を大切にする回答が比較的多く見られました。ほかの四つの因子は中間域だったため「歩幅をそろえる同伴者」という称号になりました。,approved
title-single-agreeableness-low-subtitle,result-text-v2,17,titleSubtitle,entertainmentReason,,,,title-single-agreeableness-low,true,周囲に合わせるより自分の判断を大切にする自分軸派,approved
title-single-agreeableness-low-reason,result-text-v2,18,titleReason,entertainmentReason,,,,title-single-agreeableness-low,true,今回の回答では、周囲との調和より自分の判断や基準をもとに関わる回答が比較的多く見られました。ほかの四つの因子は中間域だったため「自分の歩幅で進む同行者」という称号になりました。,approved
title-single-emotionalStability-high-subtitle,result-text-v2,19,titleSubtitle,entertainmentReason,,,,title-single-emotionalStability-high,true,予想外のときにも落ち着きを保つ安定派,approved
title-single-emotionalStability-high-reason,result-text-v2,20,titleReason,entertainmentReason,,,,title-single-emotionalStability-high,true,今回の回答では、感情の揺れや緊張に大きく左右されにくく落ち着きを保つ回答が比較的多く見られました。ほかの四つの因子は中間域だったため「静かなる航行者」という称号になりました。,approved
title-single-emotionalStability-low-subtitle,result-text-v2,21,titleSubtitle,entertainmentReason,,,,title-single-emotionalStability-low,true,心配や気分の変化を感じ取る繊細派,approved
title-single-emotionalStability-low-reason,result-text-v2,22,titleReason,entertainmentReason,,,,title-single-emotionalStability-low,true,今回の回答では、心配や気分の変化を感じやすいことを示す回答が比較的多く見られました。ほかの四つの因子は中間域だったため「そよ風に振り向く感受者」という称号になりました。,approved
title-pair-intellectImagination-high--conscientiousness-high-subtitle,result-text-v2,23,titleSubtitle,entertainmentReason,,,,title-pair-intellectImagination-high--conscientiousness-high,true,新しいアイデアを計画的に形にする実行派,approved
title-pair-intellectImagination-high--conscientiousness-high-reason,result-text-v2,24,titleReason,entertainmentReason,,,,title-pair-intellectImagination-high--conscientiousness-high,true,今回の回答では、新しい可能性を考える回答と計画的に整理して進める回答の両方が比較的多く見られました。発想を広げながら手順や成果物として形にしようとする組み合わせから「星座盤に印を置く記録者」という称号になりました。,approved
title-pair-intellectImagination-high--conscientiousness-low-subtitle,result-text-v2,25,titleSubtitle,entertainmentReason,,,,title-pair-intellectImagination-high--conscientiousness-low,true,新しい発想を自由に広げるひらめき派,approved
title-pair-intellectImagination-high--conscientiousness-low-reason,result-text-v2,26,titleReason,entertainmentReason,,,,title-pair-intellectImagination-high--conscientiousness-low,true,今回の回答では、新しい発想や可能性に関心を向けやすい一方で決められた手順や継続的な管理にはこだわりが少ない傾向が見られました。興味に応じて柔軟に方向を変える組み合わせから「風まかせの空想者」という称号になりました。,approved
title-pair-intellectImagination-low--conscientiousness-high-subtitle,result-text-v2,27,titleSubtitle,entertainmentReason,,,,title-pair-intellectImagination-low--conscientiousness-high,true,具体的な手順を着実に続ける堅実派,approved
title-pair-intellectImagination-low--conscientiousness-high-reason,result-text-v2,28,titleReason,entertainmentReason,,,,title-pair-intellectImagination-low--conscientiousness-high,true,今回の回答では、具体的で確認しやすい方法を選ぶ回答と計画的に続ける回答の両方が比較的多く見られました。定められた手順を安定して実行する組み合わせから「素朴な継続者」という称号になりました。,approved
title-pair-intellectImagination-low--conscientiousness-low-subtitle,result-text-v2,29,titleSubtitle,entertainmentReason,,,,title-pair-intellectImagination-low--conscientiousness-low,true,身近な状況を見ながら柔軟に動くマイペース派,approved
title-pair-intellectImagination-low--conscientiousness-low-reason,result-text-v2,30,titleReason,entertainmentReason,,,,title-pair-intellectImagination-low--conscientiousness-low,true,今回の回答では、抽象的な発想や細かな計画よりその場で分かりやすいことに対応する回答が比較的多く見られました。身近な状況を基準に行動を選ぶ組み合わせから「気ままな遊歩者」という称号になりました。,approved
title-pair-intellectImagination-high--extraversion-high-subtitle,result-text-v2,31,titleSubtitle,entertainmentReason,,,,title-pair-intellectImagination-high--extraversion-high,true,新しいアイデアを人と共有して広げる発信派,approved
title-pair-intellectImagination-high--extraversion-high-reason,result-text-v2,32,titleReason,entertainmentReason,,,,title-pair-intellectImagination-high--extraversion-high,true,今回の回答では、新しい考えや可能性への関心を示す回答と人との交流を好む回答の両方が比較的多く見られました。対話を通じて発想を広げる組み合わせから「新風を運ぶ伝達者」という称号になりました。,approved
title-pair-intellectImagination-high--extraversion-low-subtitle,result-text-v2,33,titleSubtitle,entertainmentReason,,,,title-pair-intellectImagination-high--extraversion-low,true,静かな環境で考えを深める思索派,approved
title-pair-intellectImagination-high--extraversion-low-reason,result-text-v2,34,titleReason,entertainmentReason,,,,title-pair-intellectImagination-high--extraversion-low,true,今回の回答では、新しい概念や複雑なテーマを深く考える回答と静かな環境を選ぶ回答が比較的多く見られました。交流の量より内面的な探究を重視する組み合わせから「静寂に星座盤を見つめる探索者」という称号になりました。,approved
title-pair-intellectImagination-low--extraversion-high-subtitle,result-text-v2,35,titleSubtitle,entertainmentReason,,,,title-pair-intellectImagination-low--extraversion-high,true,身近な話題を人と楽しむ社交派,approved
title-pair-intellectImagination-low--extraversion-high-reason,result-text-v2,36,titleReason,entertainmentReason,,,,title-pair-intellectImagination-low--extraversion-high,true,今回の回答では、身近で具体的な話題に関心を向ける回答と人との交流を好む回答が比較的多く見られました。実際の出来事や経験を通じて交流を広げる組み合わせから「にぎわいの談話者」という称号になりました。,approved
title-pair-intellectImagination-low--extraversion-low-subtitle,result-text-v2,37,titleSubtitle,entertainmentReason,,,,title-pair-intellectImagination-low--extraversion-low,true,身近なことを静かな環境で確かめる現実派,approved
title-pair-intellectImagination-low--extraversion-low-reason,result-text-v2,38,titleReason,entertainmentReason,,,,title-pair-intellectImagination-low--extraversion-low,true,今回の回答では、具体的で身近な事柄を選ぶ回答と落ち着いた環境を好む回答が比較的多く見られました。刺激の多い交流や抽象的な思考より慣れた環境で静かに物事を進めるという組み合わせから「窓辺の逗留者」という称号になりました。,approved
title-pair-intellectImagination-high--agreeableness-high-subtitle,result-text-v2,39,titleSubtitle,entertainmentReason,,,,title-pair-intellectImagination-high--agreeableness-high,true,多様な考えを受け止めて共通点を探す協調派,approved
title-pair-intellectImagination-high--agreeableness-high-reason,result-text-v2,40,titleReason,entertainmentReason,,,,title-pair-intellectImagination-high--agreeableness-high,true,今回の回答では、多様な考えや新しい可能性への関心を示す回答と相手の立場や感情に配慮する回答の両方が比較的多く見られました。異なる意見の間に共通点を見つけようとする組み合わせから「寄り添う共鳴者」という称号になりました。,approved
title-pair-intellectImagination-high--agreeableness-low-subtitle,result-text-v2,41,titleSubtitle,entertainmentReason,,,,title-pair-intellectImagination-high--agreeableness-low,true,新しい可能性を自分の基準で追う独自路線派,approved
title-pair-intellectImagination-high--agreeableness-low-reason,result-text-v2,42,titleReason,entertainmentReason,,,,title-pair-intellectImagination-high--agreeableness-low,true,今回の回答では、新しい可能性への関心を示す回答と周囲との一致より自分の判断を重視する回答が比較的多く見られました。発想の独自性や自分なりの納得を大切にする組み合わせから「独歩の開拓者」という称号になりました。,approved
title-pair-intellectImagination-low--agreeableness-high-subtitle,result-text-v2,43,titleSubtitle,entertainmentReason,,,,title-pair-intellectImagination-low--agreeableness-high,true,身近な助け合いを大切にする協力派,approved
title-pair-intellectImagination-low--agreeableness-high-reason,result-text-v2,44,titleReason,entertainmentReason,,,,title-pair-intellectImagination-low--agreeableness-high,true,今回の回答では、身近で具体的な事柄を基準にする回答と相手との調和や助け合いを大切にする回答が比較的多く見られました。具体的な助け合いや共通の経験を通じて関係を築こうとする組み合わせから「分かち合う同席者」という称号になりました。,approved
title-pair-intellectImagination-low--agreeableness-low-subtitle,result-text-v2,45,titleSubtitle,entertainmentReason,,,,title-pair-intellectImagination-low--agreeableness-low,true,具体的な事実をもとに判断する自分軸派,approved
title-pair-intellectImagination-low--agreeableness-low-reason,result-text-v2,46,titleReason,entertainmentReason,,,,title-pair-intellectImagination-low--agreeableness-low,true,今回の回答では、具体的な事実や経験を基準にする回答と周囲に合わせるより自分の判断を重視する回答が比較的多く見られました。実際に確認できる内容をもとに自分の考えを示す組み合わせから「標を示す表明者」という称号になりました。,approved
title-pair-intellectImagination-high--emotionalStability-high-subtitle,result-text-v2,47,titleSubtitle,entertainmentReason,,,,title-pair-intellectImagination-high--emotionalStability-high,true,広い視野で落ち着いて考える冷静派,approved
title-pair-intellectImagination-high--emotionalStability-high-reason,result-text-v2,48,titleReason,entertainmentReason,,,,title-pair-intellectImagination-high--emotionalStability-high,true,今回の回答では、新しい可能性や複雑なテーマに関心を向ける回答と感情の揺れには左右されにくいことを示す回答が比較的多く見られました。落ち着いた状態で物事を広く捉える組み合わせから「凪空を仰ぐ観望者」という称号になりました。,approved
title-pair-intellectImagination-high--emotionalStability-low-subtitle,result-text-v2,49,titleSubtitle,entertainmentReason,,,,title-pair-intellectImagination-high--emotionalStability-low,true,多くの可能性や変化を感じ取る繊細派,approved
title-pair-intellectImagination-high--emotionalStability-low-reason,result-text-v2,50,titleReason,entertainmentReason,,,,title-pair-intellectImagination-high--emotionalStability-low,true,今回の回答では、新しい考えや可能性に関心を向ける回答と周囲の変化や不確実さに敏感なことを示す回答が比較的多く見られました。多くの可能性と懸念の両方へ意識が向く組み合わせから「鈴音に振り向く探訪者」という称号になりました。,approved
title-pair-intellectImagination-low--emotionalStability-high-subtitle,result-text-v2,51,titleSubtitle,entertainmentReason,,,,title-pair-intellectImagination-low--emotionalStability-high,true,確かな情報をもとに落ち着いて進める堅実派,approved
title-pair-intellectImagination-low--emotionalStability-high-reason,result-text-v2,52,titleReason,entertainmentReason,,,,title-pair-intellectImagination-low--emotionalStability-high,true,今回の回答では、具体的で確かめやすい情報を重視する回答と感情の揺れには左右されにくいことを示す回答が比較的多く見られました。身近な現実を落ち着いて受け止める組み合わせから「日だまりの静観者」という称号になりました。,approved
title-pair-intellectImagination-low--emotionalStability-low-subtitle,result-text-v2,53,titleSubtitle,entertainmentReason,,,,title-pair-intellectImagination-low--emotionalStability-low,true,身近な出来事や変化に気づく現実派,approved
title-pair-intellectImagination-low--emotionalStability-low-reason,result-text-v2,54,titleReason,entertainmentReason,,,,title-pair-intellectImagination-low--emotionalStability-low,true,今回の回答では、具体的で身近な出来事を重視する回答と周囲の変化や不確実な状況に敏感なことを示す回答が比較的多く見られました。目の前で起きた変化に意識が向く組み合わせから「雨音に振り向く歩行者」という称号になりました。,approved
title-pair-conscientiousness-high--extraversion-high-subtitle,result-text-v2,55,titleSubtitle,entertainmentReason,,,,title-pair-conscientiousness-high--extraversion-high,true,計画性と社交性をあわせ持つ行動派,approved
title-pair-conscientiousness-high--extraversion-high-reason,result-text-v2,56,titleReason,entertainmentReason,,,,title-pair-conscientiousness-high--extraversion-high,true,今回の回答では、計画や役割を意識して行動する回答と人との交流に積極的に参加する回答の両方が比較的多く見られました。周囲と関わりながら活動を前へ進めようとする組み合わせから「刻限に集う交流者」という称号になりました。,approved
title-pair-conscientiousness-high--extraversion-low-subtitle,result-text-v2,57,titleSubtitle,entertainmentReason,,,,title-pair-conscientiousness-high--extraversion-low,true,静かな環境で計画的に進めるコツコツ派,approved
title-pair-conscientiousness-high--extraversion-low-reason,result-text-v2,58,titleReason,entertainmentReason,,,,title-pair-conscientiousness-high--extraversion-low,true,今回の回答では、落ち着いた環境を選ぶ回答と計画や手順を整えて物事を進める回答が比較的多く見られました。人前で積極的に働きかけるより自分の担当を丁寧に進める組み合わせから「灯下の記録者」という称号になりました。,approved
title-pair-conscientiousness-low--extraversion-high-subtitle,result-text-v2,59,titleSubtitle,entertainmentReason,,,,title-pair-conscientiousness-low--extraversion-high,true,人との交流に合わせて柔軟に動く自由派,approved
title-pair-conscientiousness-low--extraversion-high-reason,result-text-v2,60,titleReason,entertainmentReason,,,,title-pair-conscientiousness-low--extraversion-high,true,今回の回答では、細かな計画に沿うことより人との交流やその場の流れに応じて行動を変える回答が比較的多く見られました。予定外の出来事や誘いにも柔軟に反応する組み合わせから「道草の合流者」という称号になりました。,approved
title-pair-conscientiousness-low--extraversion-low-subtitle,result-text-v2,61,titleSubtitle,entertainmentReason,,,,title-pair-conscientiousness-low--extraversion-low,true,細かな予定に縛られず静かに取り組むマイペース派,approved
title-pair-conscientiousness-low--extraversion-low-reason,result-text-v2,62,titleReason,entertainmentReason,,,,title-pair-conscientiousness-low--extraversion-low,true,今回の回答では、細かな予定に縛られず静かな環境で自分のペースを保とうとする回答が比較的多く見られました。外部からの働きかけや期限よりその時の状態に合わせて動く組み合わせから「余白を楽しむ散策者」という称号になりました。,approved
title-pair-conscientiousness-high--agreeableness-high-subtitle,result-text-v2,63,titleSubtitle,entertainmentReason,,,,title-pair-conscientiousness-high--agreeableness-high,true,計画性と協調性をあわせ持つサポート派,approved
title-pair-conscientiousness-high--agreeableness-high-reason,result-text-v2,64,titleReason,entertainmentReason,,,,title-pair-conscientiousness-high--agreeableness-high,true,今回の回答では、計画や役割を丁寧に整える回答と周囲との協力を大切にする回答の両方が比較的多く見られました。全体が円滑に進むよう準備や調整に意識が向く組み合わせから「輪を整える準備者」という称号になりました。,approved
title-pair-conscientiousness-high--agreeableness-low-subtitle,result-text-v2,65,titleSubtitle,entertainmentReason,,,,title-pair-conscientiousness-high--agreeableness-low,true,自分の基準に沿って着実に進める実務派,approved
title-pair-conscientiousness-high--agreeableness-low-reason,result-text-v2,66,titleReason,entertainmentReason,,,,title-pair-conscientiousness-high--agreeableness-low,true,今回の回答では、目標やルールを明確にする回答と周囲の希望より自分の基準を重視する回答が比較的多く見られました。目標やルールを定めながら自分の基準に沿って進める組み合わせから「線を引く整頓者」という称号になりました。,approved
title-pair-conscientiousness-low--agreeableness-high-subtitle,result-text-v2,67,titleSubtitle,entertainmentReason,,,,title-pair-conscientiousness-low--agreeableness-high,true,計画より相手の希望を優先する柔軟派,approved
title-pair-conscientiousness-low--agreeableness-high-reason,result-text-v2,68,titleReason,entertainmentReason,,,,title-pair-conscientiousness-low--agreeableness-high,true,今回の回答では、細かな計画にこだわらない回答と相手の希望や状況に合わせようとする回答が比較的多く見られました。予定よりその場の関係や気持ちを優先する組み合わせから「寄り道をともにする同行者」という称号になりました。,approved
title-pair-conscientiousness-low--agreeableness-low-subtitle,result-text-v2,69,titleSubtitle,entertainmentReason,,,,title-pair-conscientiousness-low--agreeableness-low,true,手順や周囲に縛られず動く自由派,approved
title-pair-conscientiousness-low--agreeableness-low-reason,result-text-v2,70,titleReason,entertainmentReason,,,,title-pair-conscientiousness-low--agreeableness-low,true,今回の回答では、決められた手順にこだわらない回答と周囲の期待より自分の判断を重視する回答が比較的多く見られました。その時々の必要性や関心を基準に方向を選ぶ組み合わせから「自由な独行者」という称号になりました。,approved
title-pair-conscientiousness-high--emotionalStability-high-subtitle,result-text-v2,71,titleSubtitle,entertainmentReason,,,,title-pair-conscientiousness-high--emotionalStability-high,true,計画を立てて落ち着いて進める安定派,approved
title-pair-conscientiousness-high--emotionalStability-high-reason,result-text-v2,72,titleReason,entertainmentReason,,,,title-pair-conscientiousness-high--emotionalStability-high,true,今回の回答では、計画や責任を意識する回答と感情の揺れには左右されにくいことを示す回答が比較的多く見られました。予期しない状況でも手順を整理して落ち着いて対応する組み合わせから「凪の計画者」という称号になりました。,approved
title-pair-conscientiousness-high--emotionalStability-low-subtitle,result-text-v2,73,titleSubtitle,entertainmentReason,,,,title-pair-conscientiousness-high--emotionalStability-low,true,心配に備えて丁寧に準備を進める慎重派,approved
title-pair-conscientiousness-high--emotionalStability-low-reason,result-text-v2,74,titleReason,entertainmentReason,,,,title-pair-conscientiousness-high--emotionalStability-low,true,今回の回答では、心配や緊張を感じやすいことを示す回答と計画や確認を丁寧に行う回答が比較的多く見られました。不確実さを減らすため準備を重ねる組み合わせから「揺れ灯の整頓者」という称号になりました。,approved
title-pair-conscientiousness-low--emotionalStability-high-subtitle,result-text-v2,75,titleSubtitle,entertainmentReason,,,,title-pair-conscientiousness-low--emotionalStability-high,true,予定にこだわらず落ち着いて行動する柔軟派,approved
title-pair-conscientiousness-low--emotionalStability-high-reason,result-text-v2,76,titleReason,entertainmentReason,,,,title-pair-conscientiousness-low--emotionalStability-high,true,今回の回答では、細かな計画にこだわらない回答と感情の揺れには左右されにくいことを示す回答が比較的多く見られました。状況の変化を落ち着いて受け止めながら柔軟に動く組み合わせから「流れをゆく漂泊者」という称号になりました。,approved
title-pair-conscientiousness-low--emotionalStability-low-subtitle,result-text-v2,77,titleSubtitle,entertainmentReason,,,,title-pair-conscientiousness-low--emotionalStability-low,true,気持ちの変化に合わせて予定を見直す繊細派,approved
title-pair-conscientiousness-low--emotionalStability-low-reason,result-text-v2,78,titleReason,entertainmentReason,,,,title-pair-conscientiousness-low--emotionalStability-low,true,今回の回答では、状況や感情の変化に反応しやすいことを示す回答と定めた計画よりその時の状態に応じて行動を変える回答が比較的多く見られました。負担を感じたときに予定を見直す傾向が見られる組み合わせから「揺れ影の遊歩者」という称号になりました。,approved
title-pair-extraversion-high--agreeableness-high-subtitle,result-text-v2,79,titleSubtitle,entertainmentReason,,,,title-pair-extraversion-high--agreeableness-high,true,人との交流と場の調和を大切にする社交派,approved
title-pair-extraversion-high--agreeableness-high-reason,result-text-v2,80,titleReason,entertainmentReason,,,,title-pair-extraversion-high--agreeableness-high,true,今回の回答では、人との交流に積極的な回答と相手の立場や場の調和を大切にする回答の両方が比較的多く見られました。周囲と関わりながら協力的な雰囲気を作ろうとする組み合わせから「輪舞へ踏み出す共演者」という称号になりました。,approved
title-pair-extraversion-high--agreeableness-low-subtitle,result-text-v2,81,titleSubtitle,entertainmentReason,,,,title-pair-extraversion-high--agreeableness-low,true,人と関わりながら自分の意見を示す発信派,approved
title-pair-extraversion-high--agreeableness-low-reason,result-text-v2,82,titleReason,entertainmentReason,,,,title-pair-extraversion-high--agreeableness-low,true,今回の回答では、人との関わりに積極的な回答と自分の意見や立場を率直に示す回答が比較的多く見られました。周囲の反応を待つより自ら話題を出して行動を起こす組み合わせから「自分の色を掲げる表明者」という称号になりました。,approved
title-pair-extraversion-low--agreeableness-high-subtitle,result-text-v2,83,titleSubtitle,entertainmentReason,,,,title-pair-extraversion-low--agreeableness-high,true,前に出るより静かに相手を支える聞き役,approved
title-pair-extraversion-low--agreeableness-high-reason,result-text-v2,84,titleReason,entertainmentReason,,,,title-pair-extraversion-low--agreeableness-high,true,今回の回答では、前に出て交流を広げるより落ち着いた関わりを選ぶ回答と相手を支えようとする回答が比較的多く見られました。言葉数より注意深く話を聞くことを重視する組み合わせから「寄り添う静観者」という称号になりました。,approved
title-pair-extraversion-low--agreeableness-low-subtitle,result-text-v2,85,titleSubtitle,entertainmentReason,,,,title-pair-extraversion-low--agreeableness-low,true,自分に合う距離と居場所を選ぶマイペース派,approved
title-pair-extraversion-low--agreeableness-low-reason,result-text-v2,86,titleReason,entertainmentReason,,,,title-pair-extraversion-low--agreeableness-low,true,今回の回答では、広い交流を求めない回答と周囲との同調より自分の判断を重視する回答が比較的多く見られました。自分に合う距離や居場所を選びながら自分の基準を保つ組み合わせから「一席を選ぶ滞在者」という称号になりました。,approved
title-pair-extraversion-high--emotionalStability-high-subtitle,result-text-v2,87,titleSubtitle,entertainmentReason,,,,title-pair-extraversion-high--emotionalStability-high,true,人との交流を落ち着いて楽しむ社交派,approved
title-pair-extraversion-high--emotionalStability-high-reason,result-text-v2,88,titleReason,entertainmentReason,,,,title-pair-extraversion-high--emotionalStability-high,true,今回の回答では、人との交流を好む回答と緊張や感情の揺れには左右されにくいことを示す回答が比較的多く見られました。活気のある場にも自然体で参加する組み合わせから「寛ぐ交遊者」という称号になりました。,approved
title-pair-extraversion-high--emotionalStability-low-subtitle,result-text-v2,89,titleSubtitle,entertainmentReason,,,,title-pair-extraversion-high--emotionalStability-low,true,交流を楽しみながら周囲の反応も感じ取る繊細派,approved
title-pair-extraversion-high--emotionalStability-low-reason,result-text-v2,90,titleReason,entertainmentReason,,,,title-pair-extraversion-high--emotionalStability-low,true,今回の回答では、人との交流や周囲の動きに積極的に反応する回答と場の雰囲気や相手の反応に敏感なことを示す回答が比較的多く見られました。交流から刺激を受けながら評価や変化にも意識が向く組み合わせから「ざわめきへ振り向く参加者」という称号になりました。,approved
title-pair-extraversion-low--emotionalStability-high-subtitle,result-text-v2,91,titleSubtitle,entertainmentReason,,,,title-pair-extraversion-low--emotionalStability-high,true,静かな環境や一人の時間を大切にする安定派,approved
title-pair-extraversion-low--emotionalStability-high-reason,result-text-v2,92,titleReason,entertainmentReason,,,,title-pair-extraversion-low--emotionalStability-high,true,今回の回答では、落ち着いた環境や一人の時間を好む回答と感情の揺れには左右されにくいことを示す回答が比較的多く見られました。急いで外へ働きかけるより適切な時機を待つ組み合わせから「芽吹きを待つ滞在者」という称号になりました。,approved
title-pair-extraversion-low--emotionalStability-low-subtitle,result-text-v2,93,titleSubtitle,entertainmentReason,,,,title-pair-extraversion-low--emotionalStability-low,true,静かな環境で周囲の変化に耳を澄ます繊細派,approved
title-pair-extraversion-low--emotionalStability-low-reason,result-text-v2,94,titleReason,entertainmentReason,,,,title-pair-extraversion-low--emotionalStability-low,true,今回の回答では、静かな環境を選ぶ回答と周囲の変化や人からの反応に敏感なことを示す回答が比較的多く見られました。刺激の多い場面では慎重になり自分の内側で状況を確かめる組み合わせから「薄明に耳を向ける逗留者」という称号になりました。,approved
title-pair-agreeableness-high--emotionalStability-high-subtitle,result-text-v2,95,titleSubtitle,entertainmentReason,,,,title-pair-agreeableness-high--emotionalStability-high,true,相手に配慮しながら穏やかに向き合う協調派,approved
title-pair-agreeableness-high--emotionalStability-high-reason,result-text-v2,96,titleReason,entertainmentReason,,,,title-pair-agreeableness-high--emotionalStability-high,true,今回の回答では、相手への配慮を大切にする回答と感情の揺れには左右されにくいことを示す回答が比較的多く見られました。対立する場面でも落ち着いて合意点を探す組み合わせから「ふたつの杯の相席者」という称号になりました。,approved
title-pair-agreeableness-high--emotionalStability-low-subtitle,result-text-v2,97,titleSubtitle,entertainmentReason,,,,title-pair-agreeableness-high--emotionalStability-low,true,相手の気持ちや関係の変化を感じ取る共感派,approved
title-pair-agreeableness-high--emotionalStability-low-reason,result-text-v2,98,titleReason,entertainmentReason,,,,title-pair-agreeableness-high--emotionalStability-low,true,今回の回答では、相手の気持ちや関係の変化に敏感なことを示す回答と周囲との調和を大切にする回答が比較的多く見られました。周囲の負担や不満に早い段階で意識が向き関係を保とうとする組み合わせから「揺れ布に並ぶ同伴者」という称号になりました。,approved
title-pair-agreeableness-low--emotionalStability-high-subtitle,result-text-v2,99,titleSubtitle,entertainmentReason,,,,title-pair-agreeableness-low--emotionalStability-high,true,自分の判断を落ち着いて示す自分軸派,approved
title-pair-agreeableness-low--emotionalStability-high-reason,result-text-v2,100,titleReason,entertainmentReason,,,,title-pair-agreeableness-low--emotionalStability-high,true,今回の回答では、周囲との調和より自分の判断を重視する回答と感情の揺れには左右されにくいことを示す回答が比較的多く見られました。対立や反対意見があっても冷静に自分の立場を保つ組み合わせから「淡々たる表明者」という称号になりました。,approved
title-pair-agreeableness-low--emotionalStability-low-subtitle,result-text-v2,101,titleSubtitle,entertainmentReason,,,,title-pair-agreeableness-low--emotionalStability-low,true,違和感や問題の兆しを捉えてはっきり示す主張派,approved
title-pair-agreeableness-low--emotionalStability-low-reason,result-text-v2,102,titleReason,entertainmentReason,,,,title-pair-agreeableness-low--emotionalStability-low,true,今回の回答では、自分の立場や違和感を強く意識する回答と周囲の反応や不確実な状況に敏感なことを示す回答が比較的多く見られました。問題や対立の兆しに意識が向き自分の考えを明確に示そうとする組み合わせから「風鳴る戸口の掲示者」という称号になりました。,approved
preview20-intellectImagination-high-observation,result-text-v2,103,observation,scaleObservation,preview20,intellectImagination,high,,true,今回の20問では、新しい考え方や発想への関心が尺度内で高めであるという傾向が見られました。,approved
preview20-intellectImagination-middle-observation,result-text-v2,104,observation,scaleObservation,preview20,intellectImagination,middle,,true,今回の20問では、新しい考え方や発想への関心が尺度内の中間域にあるという傾向が見られました。,approved
preview20-intellectImagination-low-observation,result-text-v2,105,observation,scaleObservation,preview20,intellectImagination,low,,true,今回の20問では、新しい考え方や発想への関心が尺度内で低めであるという傾向が見られました。,approved
detail50-intellectImagination-high-observation,result-text-v2,106,observation,scaleObservation,detail50,intellectImagination,high,,false,今回の50問では、新しい考え方や発想への関心が尺度内で高めであるという傾向が見られました。,approved
detail50-intellectImagination-high-strength,result-text-v2,107,strength,reflectionPrompt,detail50,intellectImagination,high,,false,最近、時間を忘れて新しいアイデアや知識について考えたり、調べたりしたことはありましたか。,approved
detail50-intellectImagination-high-tradeoff,result-text-v2,108,tradeoff,reflectionPrompt,detail50,intellectImagination,high,,false,いろいろな発想が広がったとき、ひとつの結論を選ぶまでに時間がかかった場面はありましたか。,approved
detail50-intellectImagination-high-work,result-text-v2,109,work,reflectionPrompt,detail50,intellectImagination,high,,false,仕事や学びのなかで、新しいやり方や考え方に「いいな」と惹かれた瞬間はありましたか。,approved
detail50-intellectImagination-high-relationship,result-text-v2,110,relationship,reflectionPrompt,detail50,intellectImagination,high,,false,人との対話のなかで、お互いの意見が重なり合い、思いがけず話が大きく広がった経験はありますか。,approved
detail50-intellectImagination-high-stress,result-text-v2,111,stress,reflectionPrompt,detail50,intellectImagination,high,,false,予想外のトラブルが起きたとき、別の見方や可能性を探し続けて、かえって疲れたことはありませんか。,approved
detail50-intellectImagination-high-question,result-text-v2,112,question,reflectionPrompt,detail50,intellectImagination,high,,false,最近、ふと耳にした言葉や新しい考え方に対して、「もっと深く調べてみたい」と好奇心をくすぐられたことはありますか。,approved
detail50-intellectImagination-high-action,result-text-v2,113,action,actionHint,detail50,intellectImagination,high,,false,今日心に残った「キーワード」や「気づき」を、スマホや手帳に書き留めてみませんか。,approved
detail50-intellectImagination-middle-observation,result-text-v2,114,observation,scaleObservation,detail50,intellectImagination,middle,,false,今回の50問では、新しい考え方や発想への関心が尺度内の中間域にあるという傾向が見られました。,approved
detail50-intellectImagination-middle-strength,result-text-v2,115,strength,reflectionPrompt,detail50,intellectImagination,middle,,false,最近、「もう少し調べるか」「まずはやってみるか、ここで区切るか」を選んだ場面はありましたか。,approved
detail50-intellectImagination-middle-tradeoff,result-text-v2,116,tradeoff,reflectionPrompt,detail50,intellectImagination,middle,,false,少し複雑なテーマについて、「じっくり考えたい」と感じるときと、「今は少し疲れる」と感じるときがありましたか。,approved
detail50-intellectImagination-middle-work,result-text-v2,117,work,reflectionPrompt,detail50,intellectImagination,middle,,false,仕事や学びのなかで、慣れたやり方で確実に進めるか、時間をかけて新しい方法を試すかを考えた場面はありましたか。,approved
detail50-intellectImagination-middle-relationship,result-text-v2,118,relationship,reflectionPrompt,detail50,intellectImagination,middle,,false,相手の考えを聞きながら、「もう少し掘り下げたい」気持ちと「そろそろ別の話題に移りたい」気持ちの間で迷った場面はありましたか。,approved
detail50-intellectImagination-middle-stress,result-text-v2,119,stress,reflectionPrompt,detail50,intellectImagination,middle,,false,情報が多いとき、「いろいろな視点を取り入れるか」「いったん一つに絞るか」で迷った場面はありましたか。,approved
detail50-intellectImagination-middle-question,result-text-v2,120,question,reflectionPrompt,detail50,intellectImagination,middle,,false,最近、気になったことについて、「このくらい分かれば十分」と、自分なりに区切りをつけた場面はありましたか。,approved
detail50-intellectImagination-middle-action,result-text-v2,121,action,actionHint,detail50,intellectImagination,middle,,false,最近気になっているテーマについて、「時間があれば調べてみたいこと」をメモしてみませんか。,approved
detail50-intellectImagination-low-observation,result-text-v2,122,observation,scaleObservation,detail50,intellectImagination,low,,false,今回の50問では、新しい考え方や発想への関心が尺度内で低めであるという傾向が見られました。,approved
detail50-intellectImagination-low-strength,result-text-v2,123,strength,reflectionPrompt,detail50,intellectImagination,low,,false,最近、抽象的な説明を、自分の経験や具体的な事実に基づいて分かりやすくまとめ直した場面はありましたか。,approved
detail50-intellectImagination-low-tradeoff,result-text-v2,124,tradeoff,reflectionPrompt,detail50,intellectImagination,low,,false,抽象的な話題が続いたとき、「結局、何をどうすればいいのだろう」と現実味が湧かず、戸惑った場面はありましたか。,approved
detail50-intellectImagination-low-work,result-text-v2,125,work,reflectionPrompt,detail50,intellectImagination,low,,false,仕事や学びのなかで、手順やマニュアルなど、具体的な形があるほうが進めやすいと感じた出来事はありましたか。,approved
detail50-intellectImagination-low-relationship,result-text-v2,126,relationship,reflectionPrompt,detail50,intellectImagination,low,,false,人との会話で、理想や仮定の話よりも、具体的な出来事に戻したくなった場面はありましたか。,approved
detail50-intellectImagination-low-stress,result-text-v2,127,stress,reflectionPrompt,detail50,intellectImagination,low,,false,考えることが増えたとき、「まずは目の前で確かめられることから決めよう」と、扱う内容を絞った場面はありましたか。,approved
detail50-intellectImagination-low-question,result-text-v2,128,question,reflectionPrompt,detail50,intellectImagination,low,,false,最近、実際に手を動かしたり現物を見たりしたことで、物事が理解しやすくなったと感じた経験はありましたか。,approved
detail50-intellectImagination-low-action,result-text-v2,129,action,actionHint,detail50,intellectImagination,low,,false,今日見聞きした少し難しい話を、「自分の生活で言うとどうなるか」に当てはめて考えてみませんか。,approved
preview20-conscientiousness-high-observation,result-text-v2,130,observation,scaleObservation,preview20,conscientiousness,high,,true,今回の20問では、物事を早めに進めたり整理して取り組んだりする傾向が、尺度内で高めに見られました。,approved
preview20-conscientiousness-middle-observation,result-text-v2,131,observation,scaleObservation,preview20,conscientiousness,middle,,true,今回の20問では、物事を早めに進めたり整理して取り組んだりする傾向が、尺度内の中間域にありました。,approved
preview20-conscientiousness-low-observation,result-text-v2,132,observation,scaleObservation,preview20,conscientiousness,low,,true,今回の20問では、物事を早めに進めたり整理して取り組んだりする傾向が、尺度内で低めに見られました。,approved
detail50-conscientiousness-high-observation,result-text-v2,133,observation,scaleObservation,detail50,conscientiousness,high,,false,今回の50問では、物事を準備や整理をしながら進める傾向が、尺度内で高めに見られました。,approved
detail50-conscientiousness-high-strength,result-text-v2,134,strength,reflectionPrompt,detail50,conscientiousness,high,,false,最近、予定や持ち物をあらかじめ整えておいたことで、落ち着いて取りかかれた場面はありましたか。,approved
detail50-conscientiousness-high-tradeoff,result-text-v2,135,tradeoff,reflectionPrompt,detail50,conscientiousness,high,,false,予定をきちんと立てようとして、手順を細かく決めることに時間がかかってしまった場面はありましたか。,approved
detail50-conscientiousness-high-work,result-text-v2,136,work,reflectionPrompt,detail50,conscientiousness,high,,false,仕事や学びのなかで、期限から逆算して手順を整理したことで、落ち着いて進められた場面はありましたか。,approved
detail50-conscientiousness-high-relationship,result-text-v2,137,relationship,reflectionPrompt,detail50,conscientiousness,high,,false,誰かと一緒に進めるとき、役割や予定を先に確認したことで、お互いに動きやすくなった場面はありましたか。,approved
detail50-conscientiousness-high-stress,result-text-v2,138,stress,reflectionPrompt,detail50,conscientiousness,high,,false,急な変更で予定が崩れたとき、やることの順番を何度も組み直して、かえって疲れたことはありませんか。,approved
detail50-conscientiousness-high-question,result-text-v2,139,question,reflectionPrompt,detail50,conscientiousness,high,,false,最近、「先に準備しておいてよかった」と、安心したり助かったりした場面はありましたか。,approved
detail50-conscientiousness-high-action,result-text-v2,140,action,actionHint,detail50,conscientiousness,high,,false,明日取りかかることを決め、最初の一歩だけメモしてみませんか。,approved
detail50-conscientiousness-middle-observation,result-text-v2,141,observation,scaleObservation,detail50,conscientiousness,middle,,false,今回の50問では、物事を準備や整理をしながら進める傾向が、尺度内の中間域にありました。,approved
detail50-conscientiousness-middle-strength,result-text-v2,142,strength,reflectionPrompt,detail50,conscientiousness,middle,,false,最近、「先に準備してから始めよう」と思ったときと、「まずやりながら考えよう」と思ったときがありましたか。,approved
detail50-conscientiousness-middle-tradeoff,result-text-v2,143,tradeoff,reflectionPrompt,detail50,conscientiousness,middle,,false,予定を立ててもそのとおりに進めるか、その場の状況に合わせて変えるかで迷った場面はありましたか。,approved
detail50-conscientiousness-middle-work,result-text-v2,144,work,reflectionPrompt,detail50,conscientiousness,middle,,false,仕事や学びのなかで、「準備を整えてから始めるか」「まず着手して必要なことを後から決めるか」を選んだ場面はありましたか。,approved
detail50-conscientiousness-middle-relationship,result-text-v2,145,relationship,reflectionPrompt,detail50,conscientiousness,middle,,false,誰かと予定を決めるとき、「細かく決めておきたい」気持ちと「大まかでいい」という気持ちの間で迷った場面はありましたか。,approved
detail50-conscientiousness-middle-stress,result-text-v2,146,stress,reflectionPrompt,detail50,conscientiousness,middle,,false,やることが重なったとき、「順番を決めるか」「目についたものから始めるか」で迷い、少し落ち着かなくなったことはありませんか。,approved
detail50-conscientiousness-middle-question,result-text-v2,147,question,reflectionPrompt,detail50,conscientiousness,middle,,false,最近、予定を立てたことで進めやすかった場面や、その場で予定を変えたほうが動きやすかった場面はありましたか。,approved
detail50-conscientiousness-middle-action,result-text-v2,148,action,actionHint,detail50,conscientiousness,middle,,false,明日の予定から、先に決めておきたいことを選んでみませんか。,approved
detail50-conscientiousness-low-observation,result-text-v2,149,observation,scaleObservation,detail50,conscientiousness,low,,false,今回の50問では、物事を準備や整理をしながら進める傾向が、尺度内で低めに見られました。,approved
detail50-conscientiousness-low-strength,result-text-v2,150,strength,reflectionPrompt,detail50,conscientiousness,low,,false,最近、細かく準備する前にまず動き始めたことで、早く流れをつかめた場面はありましたか。,approved
detail50-conscientiousness-low-tradeoff,result-text-v2,151,tradeoff,reflectionPrompt,detail50,conscientiousness,low,,false,まず取りかかってから、「先に少し整理しておけばよかった」と感じた場面はありましたか。,approved
detail50-conscientiousness-low-work,result-text-v2,152,work,reflectionPrompt,detail50,conscientiousness,low,,false,仕事や学びのなかで、まず手を動かし、必要な手順をあとから決めたことで進めやすかった場面はありましたか。,approved
detail50-conscientiousness-low-relationship,result-text-v2,153,relationship,reflectionPrompt,detail50,conscientiousness,low,,false,誰かと一緒に進めるとき、予定や役割を細かく決めずに始めて、あとから確認が必要になった場面はありましたか。,approved
detail50-conscientiousness-low-stress,result-text-v2,154,stress,reflectionPrompt,detail50,conscientiousness,low,,false,やることが重なったとき、どれから始めるか決められず、気持ちが落ち着かなくなったことはありませんか。,approved
detail50-conscientiousness-low-question,result-text-v2,155,question,reflectionPrompt,detail50,conscientiousness,low,,false,最近、「準備より先に始めてよかった」と感じた場面と、「少し整えておけばよかった」と感じた場面はありましたか。,approved
detail50-conscientiousness-low-action,result-text-v2,156,action,actionHint,detail50,conscientiousness,low,,false,今気になっていることから、まず手を動かせそうなものに取りかかってみませんか。,approved
preview20-extraversion-high-observation,result-text-v2,157,observation,scaleObservation,preview20,extraversion,high,,true,今回の20問では、人との会話や人前でのやり取りを好む傾向が、尺度内で高めに見られました。,approved
preview20-extraversion-middle-observation,result-text-v2,158,observation,scaleObservation,preview20,extraversion,middle,,true,今回の20問では、人との会話や人前でのやり取りを好む傾向が、尺度内の中間域にありました。,approved
preview20-extraversion-low-observation,result-text-v2,159,observation,scaleObservation,preview20,extraversion,low,,true,今回の20問では、人との会話や人前でのやり取りを好む傾向が、尺度内で低めに見られました。,approved
detail50-extraversion-high-observation,result-text-v2,160,observation,scaleObservation,detail50,extraversion,high,,false,今回の50問では、人との交流や人前に出ることを好む傾向が、尺度内で高めに見られました。,approved
detail50-extraversion-high-strength,result-text-v2,161,strength,reflectionPrompt,detail50,extraversion,high,,false,最近、人が集まる場で自分から声をかけたことで、会話の輪が自然に広がった場面はありましたか。,approved
detail50-extraversion-high-tradeoff,result-text-v2,162,tradeoff,reflectionPrompt,detail50,extraversion,high,,false,会話が盛り上がったとき、つい自分が話し続けてしまい、「もう少し相手の話も聞けばよかった」と感じた場面はありましたか。,approved
detail50-extraversion-high-work,result-text-v2,163,work,reflectionPrompt,detail50,extraversion,high,,false,仕事や学びのなかで、自分から声をかけたことで、相談や話し合いがスムーズに進んだ場面はありましたか。,approved
detail50-extraversion-high-relationship,result-text-v2,164,relationship,reflectionPrompt,detail50,extraversion,high,,false,初めて会う人や、まだあまり話したことのない人に自分から声をかけたことで、距離が少し縮まった場面はありましたか。,approved
detail50-extraversion-high-stress,result-text-v2,165,stress,reflectionPrompt,detail50,extraversion,high,,false,人と話したり出かけたりする予定が続いたとき、「少し一人で落ち着きたい」と感じたことはありませんか。,approved
detail50-extraversion-high-question,result-text-v2,166,question,reflectionPrompt,detail50,extraversion,high,,false,最近、自分から話しかけたことで、思いがけない話やつながりが生まれた場面はありましたか。,approved
detail50-extraversion-high-action,result-text-v2,167,action,actionHint,detail50,extraversion,high,,false,今日話してみたい人へ、短いあいさつや一言を自分から伝えてみませんか。,approved
detail50-extraversion-middle-observation,result-text-v2,168,observation,scaleObservation,detail50,extraversion,middle,,false,今回の50問では、人との交流や人前に出ることを好む傾向が、尺度内の中間域にありました。,approved
detail50-extraversion-middle-strength,result-text-v2,169,strength,reflectionPrompt,detail50,extraversion,middle,,false,最近、「自分から話してみよう」と思った場面と、「まずは様子を見よう」と思った場面がありましたか。,approved
detail50-extraversion-middle-tradeoff,result-text-v2,170,tradeoff,reflectionPrompt,detail50,extraversion,middle,,false,人が集まる場で、「会話に加わりたい」気持ちと「少し離れて見ていたい」気持ちの間で迷ったことはありましたか。,approved
detail50-extraversion-middle-work,result-text-v2,171,work,reflectionPrompt,detail50,extraversion,middle,,false,仕事や学びのなかで、「自分から相談するか」「もう少し一人で考えてから話すか」で迷った場面はありましたか。,approved
detail50-extraversion-middle-relationship,result-text-v2,172,relationship,reflectionPrompt,detail50,extraversion,middle,,false,親しい相手とは自然に話せても、初めて会う相手には少し様子を見たくなった場面はありましたか。,approved
detail50-extraversion-middle-stress,result-text-v2,173,stress,reflectionPrompt,detail50,extraversion,middle,,false,会話や集まりが続いたとき、「もう少し参加したい」気持ちと「少し一人で休みたい」気持ちの間で迷ったことはありませんか。,approved
detail50-extraversion-middle-question,result-text-v2,174,question,reflectionPrompt,detail50,extraversion,middle,,false,最近、「今日は人と話したい」と感じた日と、「今日は静かに過ごしたい」と感じた日はありましたか。,approved
detail50-extraversion-middle-action,result-text-v2,175,action,actionHint,detail50,extraversion,middle,,false,今日は人と話したい気分か、静かに過ごしたい気分かを確かめてみませんか。,approved
detail50-extraversion-low-observation,result-text-v2,176,observation,scaleObservation,detail50,extraversion,low,,false,今回の50問では、人との交流や人前に出ることを好む傾向が、尺度内で低めに見られました。,approved
detail50-extraversion-low-strength,result-text-v2,177,strength,reflectionPrompt,detail50,extraversion,low,,false,最近、大人数の集まりより少人数や静かな場所を選んだことで、落ち着いて話せた場面はありましたか。,approved
detail50-extraversion-low-tradeoff,result-text-v2,178,tradeoff,reflectionPrompt,detail50,extraversion,low,,false,話したいことがあっても、「今声をかけて大丈夫かな」と考えているうちに、きっかけを逃した場面はありましたか。,approved
detail50-extraversion-low-work,result-text-v2,179,work,reflectionPrompt,detail50,extraversion,low,,false,仕事や学びのなかで、一人で考えを整理してから相談したことで、伝えたいことがまとまった場面はありましたか。,approved
detail50-extraversion-low-relationship,result-text-v2,180,relationship,reflectionPrompt,detail50,extraversion,low,,false,親しい人と少人数で過ごしたことで、無理なく自然に話せた場面はありましたか。,approved
detail50-extraversion-low-stress,result-text-v2,181,stress,reflectionPrompt,detail50,extraversion,low,,false,急に人から注目されたとき、何を話せばよいか分からず、その場から少し離れたくなったことはありませんか。,approved
detail50-extraversion-low-question,result-text-v2,182,question,reflectionPrompt,detail50,extraversion,low,,false,最近、すぐに会話へ加わらず、まず周りの様子を見たことで、話しやすいタイミングを見つけられた場面はありましたか。,approved
detail50-extraversion-low-action,result-text-v2,183,action,actionHint,detail50,extraversion,low,,false,伝えたい相手を思い浮かべ、話したいことを短くメモしてみませんか。,approved
preview20-agreeableness-high-observation,result-text-v2,184,observation,scaleObservation,preview20,agreeableness,high,,true,今回の20問では、人への関心や相手の気持ちに配慮する傾向が、尺度内で高めに見られました。,approved
preview20-agreeableness-middle-observation,result-text-v2,185,observation,scaleObservation,preview20,agreeableness,middle,,true,今回の20問では、人への関心や相手の気持ちに配慮する傾向が、尺度内の中間域にありました。,approved
preview20-agreeableness-low-observation,result-text-v2,186,observation,scaleObservation,preview20,agreeableness,low,,true,今回の20問では、人への関心や相手の気持ちに配慮する傾向が、尺度内で低めに見られました。,approved
detail50-agreeableness-high-observation,result-text-v2,187,observation,scaleObservation,detail50,agreeableness,high,,false,今回の50問では、相手の気持ちに配慮したり人のために行動したりする傾向が、尺度内で高めに見られました。,approved
detail50-agreeableness-high-strength,result-text-v2,188,strength,reflectionPrompt,detail50,agreeableness,high,,false,最近、相手の表情や様子の変化に気づき、「大丈夫？」と自分から声をかけた場面はありましたか。,approved
detail50-agreeableness-high-tradeoff,result-text-v2,189,tradeoff,reflectionPrompt,detail50,agreeableness,high,,false,相手を気づかうあまり、自分の本来の作業を後回しにしてしまった場面はありましたか。,approved
detail50-agreeableness-high-work,result-text-v2,190,work,reflectionPrompt,detail50,agreeableness,high,,false,仕事や学びのなかで、困っていそうな人に声をかけたことで、物事がスムーズに運んだ場面はありましたか。,approved
detail50-agreeableness-high-relationship,result-text-v2,191,relationship,reflectionPrompt,detail50,agreeableness,high,,false,人との会話で、相手の気持ちを確かめながら言葉を選んだことで、落ち着いて話し合えた場面はありましたか。,approved
detail50-agreeableness-high-stress,result-text-v2,192,stress,reflectionPrompt,detail50,agreeableness,high,,false,意見が合わないとき、相手を傷つけない言い方を考えすぎて、伝えたいことを言えずに疲れたことはありませんか。,approved
detail50-agreeableness-high-question,result-text-v2,193,question,reflectionPrompt,detail50,agreeableness,high,,false,最近、誰かのために時間を使ったことで、「力になれてよかった」と感じた場面はありましたか。,approved
detail50-agreeableness-high-action,result-text-v2,194,action,actionHint,detail50,agreeableness,high,,false,最近気になっている相手へ、「最近どう？」と短く声をかけてみませんか。,approved
detail50-agreeableness-middle-observation,result-text-v2,195,observation,scaleObservation,detail50,agreeableness,middle,,false,今回の50問では、相手の気持ちに配慮したり人のために行動したりする傾向が、尺度内の中間域にありました。,approved
detail50-agreeableness-middle-strength,result-text-v2,196,strength,reflectionPrompt,detail50,agreeableness,middle,,false,最近、「相手に合わせよう」と思った場面と、「今回は自分の意見を伝えよう」と思った場面がありましたか。,approved
detail50-agreeableness-middle-tradeoff,result-text-v2,197,tradeoff,reflectionPrompt,detail50,agreeableness,middle,,false,意見が合わないとき、「相手の気持ちを大切にしたい」気持ちと「自分の考えもきちんと伝えたい」気持ちの間で迷ったことはありましたか。,approved
detail50-agreeableness-middle-work,result-text-v2,198,work,reflectionPrompt,detail50,agreeableness,middle,,false,仕事や学びのなかで、「周りに協力を頼むか」「まずは自分で進めるか」で迷った場面はありましたか。,approved
detail50-agreeableness-middle-relationship,result-text-v2,199,relationship,reflectionPrompt,detail50,agreeableness,middle,,false,人との会話で、「相手に合わせるか」「自分の希望を伝えるか」を、その場の関係や雰囲気に合わせて選んだことはありましたか。,approved
detail50-agreeableness-middle-stress,result-text-v2,200,stress,reflectionPrompt,detail50,agreeableness,middle,,false,意見が合わないとき、どこまで相手に譲り、どこから自分の考えを伝えるかで悩んだことはありませんか。,approved
detail50-agreeableness-middle-question,result-text-v2,201,question,reflectionPrompt,detail50,agreeableness,middle,,false,最近、「相手に合わせてよかった」と感じた場面と、「自分の希望を伝えてよかった」と感じた場面はありましたか。,approved
detail50-agreeableness-middle-action,result-text-v2,202,action,actionHint,detail50,agreeableness,middle,,false,会話の前に、相手に聞きたいことと自分から伝えたいことを整理してみませんか。,approved
detail50-agreeableness-low-observation,result-text-v2,203,observation,scaleObservation,detail50,agreeableness,low,,false,今回の50問では、相手の気持ちに配慮したり人のために行動したりする傾向が、尺度内で低めに見られました。,approved
detail50-agreeableness-low-strength,result-text-v2,204,strength,reflectionPrompt,detail50,agreeableness,low,,false,最近、曖昧な状況のなかでも自分の考えをはっきり伝えた結果、話が整理された場面はありましたか。,approved
detail50-agreeableness-low-tradeoff,result-text-v2,205,tradeoff,reflectionPrompt,detail50,agreeableness,low,,false,自分の考えをはっきり伝えたあと、相手の反応を見て、「少し言い方を変えてもよかったかもしれない」と感じた場面はありましたか。,approved
detail50-agreeableness-low-work,result-text-v2,206,work,reflectionPrompt,detail50,agreeableness,low,,false,仕事や学びのなかで、周りに合わせるよりも、必要だと思うことをはっきり伝えたことで、課題が明確になった場面はありましたか。,approved
detail50-agreeableness-low-relationship,result-text-v2,207,relationship,reflectionPrompt,detail50,agreeableness,low,,false,人との会話で、自分の考えを率直に伝えたものの、相手がどう受け取ったか気になった場面はありましたか。,approved
detail50-agreeableness-low-stress,result-text-v2,208,stress,reflectionPrompt,detail50,agreeableness,low,,false,意見が合わないとき、「これ以上話してもまとまらない」と、早く結論を出したくなったことはありませんか。,approved
detail50-agreeableness-low-question,result-text-v2,209,question,reflectionPrompt,detail50,agreeableness,low,,false,最近、自分とは違う考えを聞いて、「その見方もあるな」と思った場面はありましたか。,approved
detail50-agreeableness-low-action,result-text-v2,210,action,actionHint,detail50,agreeableness,low,,false,自分の意見を伝えるとき、いちばん大切な理由を添えてみませんか。,approved
preview20-emotionalStability-high-observation,result-text-v2,211,observation,scaleObservation,preview20,emotionalStability,high,,true,今回の20問では、落ち着きを保ちやすく、気分も安定しやすい傾向が、尺度内で高めに見られました。,approved
preview20-emotionalStability-middle-observation,result-text-v2,212,observation,scaleObservation,preview20,emotionalStability,middle,,true,今回の20問では、落ち着きを保ちやすく、気分も安定しやすい傾向が、尺度内の中間域にありました。,approved
preview20-emotionalStability-low-observation,result-text-v2,213,observation,scaleObservation,preview20,emotionalStability,low,,true,今回の20問では、落ち着きを保ちやすく、気分も安定しやすい傾向が、尺度内で低めに見られました。,approved
detail50-emotionalStability-high-observation,result-text-v2,214,observation,scaleObservation,detail50,emotionalStability,high,,false,今回の50問では、心配やストレスを感じたときにも落ち着きを保ちやすく、気分も安定しやすい傾向が、尺度内で高めに見られました。,approved
detail50-emotionalStability-high-strength,result-text-v2,215,strength,reflectionPrompt,detail50,emotionalStability,high,,false,最近、予想外の出来事があっても、状況を整理しながら落ち着いて対応できた場面はありましたか。,approved
detail50-emotionalStability-high-tradeoff,result-text-v2,216,tradeoff,reflectionPrompt,detail50,emotionalStability,high,,false,周りから「大丈夫？」と声をかけられて、あとから自分の疲れや気持ちの変化に気づいた場面はありましたか。,approved
detail50-emotionalStability-high-work,result-text-v2,217,work,reflectionPrompt,detail50,emotionalStability,high,,false,仕事や学びのなかで、急な変更があっても、まず状況を整理してから取り組めた場面はありましたか。,approved
detail50-emotionalStability-high-relationship,result-text-v2,218,relationship,reflectionPrompt,detail50,emotionalStability,high,,false,人との会話で、意見が合わないときにも、落ち着いて相手の話を聞けた場面はありましたか。,approved
detail50-emotionalStability-high-stress,result-text-v2,219,stress,reflectionPrompt,detail50,emotionalStability,high,,false,負担が重なったときにも、「まずは一つずつ」と落ち着いて対処できた場面はありましたか。,approved
detail50-emotionalStability-high-question,result-text-v2,220,question,reflectionPrompt,detail50,emotionalStability,high,,false,最近、心配なことがあっても、意識を別のことへ切り替えられた場面はありましたか。,approved
detail50-emotionalStability-high-action,result-text-v2,221,action,actionHint,detail50,emotionalStability,high,,false,最近落ち着いて対応できた場面と、そのとき役に立ったことを短くメモしてみませんか。,approved
detail50-emotionalStability-middle-observation,result-text-v2,222,observation,scaleObservation,detail50,emotionalStability,middle,,false,今回の50問では、心配やストレスを感じたときにも落ち着きを保ちやすく、気分も安定しやすい傾向が、尺度内の中間域にありました。,approved
detail50-emotionalStability-middle-strength,result-text-v2,223,strength,reflectionPrompt,detail50,emotionalStability,middle,,false,最近、同じような出来事でも、「落ち着いて対応できたとき」と「気持ちが揺れたとき」がありましたか。,approved
detail50-emotionalStability-middle-tradeoff,result-text-v2,224,tradeoff,reflectionPrompt,detail50,emotionalStability,middle,,false,予想外のことが起きたとき、「まず状況を整理できた場面」と「気持ちが先に動いた場面」がありましたか。,approved
detail50-emotionalStability-middle-work,result-text-v2,225,work,reflectionPrompt,detail50,emotionalStability,middle,,false,仕事や学びのなかで、急な変更を落ち着いて受け止められたときと、少し焦ったときの両方がありましたか。,approved
detail50-emotionalStability-middle-relationship,result-text-v2,226,relationship,reflectionPrompt,detail50,emotionalStability,middle,,false,人との会話で、相手の言葉を落ち着いて聞けたときと、気持ちが大きく動いたときがありましたか。,approved
detail50-emotionalStability-middle-stress,result-text-v2,227,stress,reflectionPrompt,detail50,emotionalStability,middle,,false,負担が重なったとき、落ち着いて進められた日と、気持ちに余裕がなくなった日がありましたか。,approved
detail50-emotionalStability-middle-question,result-text-v2,228,question,reflectionPrompt,detail50,emotionalStability,middle,,false,最近、「これがあると落ち着きやすい」「こうなると心配が強まりやすい」と感じたきっかけはありましたか。,approved
detail50-emotionalStability-middle-action,result-text-v2,229,action,actionHint,detail50,emotionalStability,middle,,false,今日の気分と、そのきっかけになった出来事をそれぞれ短くメモしてみませんか。,approved
detail50-emotionalStability-low-observation,result-text-v2,230,observation,scaleObservation,detail50,emotionalStability,low,,false,今回の50問では、心配やストレスを感じたときにも落ち着きを保ちやすく、気分も安定しやすい傾向が、尺度内で低めに見られました。,approved
detail50-emotionalStability-low-strength,result-text-v2,231,strength,reflectionPrompt,detail50,emotionalStability,low,,false,最近、心配や気分の揺れに早めに気づいて、無理をする前に少し立ち止まれた場面はありましたか。,approved
detail50-emotionalStability-low-tradeoff,result-text-v2,232,tradeoff,reflectionPrompt,detail50,emotionalStability,low,,false,心配なことが頭から離れず、目の前のことに集中しにくくなった場面はありましたか。,approved
detail50-emotionalStability-low-work,result-text-v2,233,work,reflectionPrompt,detail50,emotionalStability,low,,false,仕事や学びのなかで、予定外の変更があると、「この先どうなるのだろう」と不安が強まった場面はありましたか。,approved
detail50-emotionalStability-low-relationship,result-text-v2,234,relationship,reflectionPrompt,detail50,emotionalStability,low,,false,人との会話のあと、相手の言葉や表情を思い返して、「あの言い方はどういう意味だったのだろう」と考え続けたことはありませんか。,approved
detail50-emotionalStability-low-stress,result-text-v2,235,stress,reflectionPrompt,detail50,emotionalStability,low,,false,負担が重なったとき、普段なら気にならないことにもイライラしたり、気持ちが沈んだりしたことはありませんか。,approved
detail50-emotionalStability-low-question,result-text-v2,236,question,reflectionPrompt,detail50,emotionalStability,low,,false,最近、心配や気分の揺れが強まる前に、考えがまとまりにくくなるなどの小さな変化に気づいたことはありましたか。,approved
detail50-emotionalStability-low-action,result-text-v2,237,action,actionHint,detail50,emotionalStability,low,,false,最近気持ちが揺れた場面と、そのとき少し安心できたことをそれぞれメモしてみませんか。,approved
