text_id,result_text_version,title_id,display_order,text,status
title-reflection-balanced-1,result-text-v2,title-balanced,1,最近、状況に合わせて対応を変えたのはどんなときでしたか。,approved
title-reflection-balanced-2,result-text-v2,title-balanced,2,選択肢がいくつもあるとき、最も優先したい条件は何でしょうか。,approved
title-reflection-balanced-3,result-text-v2,title-balanced,3,今日選んだものを一つ取り上げ、その理由を短くメモしてみませんか。,approved
title-reflection-single-intellectImagination-high-1,result-text-v2,title-single-intellectImagination-high,1,最近、考えるたびに新たな疑問が浮かんだテーマはありましたか。,approved
title-reflection-single-intellectImagination-high-2,result-text-v2,title-single-intellectImagination-high,2,広がった発想から試すものを一つ選ぶとしたら、何を優先しますか。,approved
title-reflection-single-intellectImagination-high-3,result-text-v2,title-single-intellectImagination-high,3,気になるテーマに関連する本を一冊探してみませんか。,approved
title-reflection-single-intellectImagination-low-1,result-text-v2,title-single-intellectImagination-low,1,何かを選ぶとき、写真や説明だけでなく、実物を見て決めたことはありましたか。,approved
title-reflection-single-intellectImagination-low-2,result-text-v2,title-single-intellectImagination-low,2,身近なものの中で、特に見た目や手ざわりが気に入っているものはありますか。,approved
title-reflection-single-intellectImagination-low-3,result-text-v2,title-single-intellectImagination-low,3,気になっている場所を一つ選び、実際に足を運んでみませんか。,approved
title-reflection-single-conscientiousness-high-1,result-text-v2,title-single-conscientiousness-high,1,予定を立てるとき、どこまで決めておくと安心して始められますか。,approved
title-reflection-single-conscientiousness-high-2,result-text-v2,title-single-conscientiousness-high,2,自分のための時間も含めて予定を組めた日はありましたか。,approved
title-reflection-single-conscientiousness-high-3,result-text-v2,title-single-conscientiousness-high,3,次の予定に「見直しの時間」を5分だけ加えてみませんか。,approved
title-reflection-single-conscientiousness-low-1,result-text-v2,title-single-conscientiousness-low,1,その日の気分で動いたことで、思いがけない出会いや発見につながったことはありましたか。,approved
title-reflection-single-conscientiousness-low-2,result-text-v2,title-single-conscientiousness-low,2,予定を決めない日でも、自然とやりたくなることは何ですか。,approved
title-reflection-single-conscientiousness-low-3,result-text-v2,title-single-conscientiousness-low,3,次の休日に自由に過ごせる時間を少しだけ作ってみませんか。,approved
title-reflection-single-extraversion-high-1,result-text-v2,title-single-extraversion-high,1,人と話しているうちに、自分の考えがまとまったことはありましたか。,approved
title-reflection-single-extraversion-high-2,result-text-v2,title-single-extraversion-high,2,誰かと笑い合った時間の中で、特に心に残っている場面はありますか。,approved
title-reflection-single-extraversion-high-3,result-text-v2,title-single-extraversion-high,3,気になるイベントや集まりに参加してみませんか。,approved
title-reflection-single-extraversion-low-1,result-text-v2,title-single-extraversion-low,1,静かな時間を過ごすなら、どんな場所や過ごし方が心地よいですか。,approved
title-reflection-single-extraversion-low-2,result-text-v2,title-single-extraversion-low,2,人と会った後は、一人の時間をどんなふうに過ごしたいですか。,approved
title-reflection-single-extraversion-low-3,result-text-v2,title-single-extraversion-low,3,次の休日に読みたい本や聴きたい音楽を一つ選んでみませんか。,approved
title-reflection-single-agreeableness-high-1,result-text-v2,title-single-agreeableness-high,1,誰かに予定を合わせたことで、相手がほっとしたように見えたことはありましたか。,approved
title-reflection-single-agreeableness-high-2,result-text-v2,title-single-agreeableness-high,2,誰かの話を聞いて、その人が大切にしていることが伝わってきた場面はありましたか。,approved
title-reflection-single-agreeableness-high-3,result-text-v2,title-single-agreeableness-high,3,次に会ったとき「一番大切にしたいことは何？」と尋ねてみませんか。,approved
title-reflection-single-agreeableness-low-1,result-text-v2,title-single-agreeableness-low,1,自分の考えを譲りたくないと感じたことはありましたか。,approved
title-reflection-single-agreeableness-low-2,result-text-v2,title-single-agreeableness-low,2,意見が違う相手には、自分の考えをどのように伝えていますか。,approved
title-reflection-single-agreeableness-low-3,result-text-v2,title-single-agreeableness-low,3,自分の考えを譲りたくなかった場面を振り返り、大切にしていたことをメモしてみませんか。,approved
title-reflection-single-emotionalStability-high-1,result-text-v2,title-single-emotionalStability-high,1,何も予定がない穏やかな時間は、どんなふうに過ごしたいですか。,approved
title-reflection-single-emotionalStability-high-2,result-text-v2,title-single-emotionalStability-high,2,普段と少し違う気持ちに気づいて、「こんな日もある」と思えたことはありましたか。,approved
title-reflection-single-emotionalStability-high-3,result-text-v2,title-single-emotionalStability-high,3,予定の合間に一度だけ深呼吸する時間を取ってみませんか。,approved
title-reflection-single-emotionalStability-low-1,result-text-v2,title-single-emotionalStability-low,1,気になることがあるとき、どんな情報が分かると少し安心できますか。,approved
title-reflection-single-emotionalStability-low-2,result-text-v2,title-single-emotionalStability-low,2,小さな変化に早めに気づいたことで、準備しておいてよかったと思ったことはありますか。,approved
title-reflection-single-emotionalStability-low-3,result-text-v2,title-single-emotionalStability-low,3,気持ちが揺れたときに落ち着いて過ごせる場所を一つ思い浮かべてみませんか。,approved
title-reflection-pair-intellectImagination-high--conscientiousness-high-1,result-text-v2,title-pair-intellectImagination-high--conscientiousness-high,1,思いついたことを実行に移すとき、最初に何から決めていますか。,approved
title-reflection-pair-intellectImagination-high--conscientiousness-high-2,result-text-v2,title-pair-intellectImagination-high--conscientiousness-high,2,予定を立てる中で、あえて余白を残したことはありましたか。,approved
title-reflection-pair-intellectImagination-high--conscientiousness-high-3,result-text-v2,title-pair-intellectImagination-high--conscientiousness-high,3,今日浮かんだアイデアを一つメモし、最初に試したいことも書いてみませんか。,approved
title-reflection-pair-intellectImagination-high--conscientiousness-low-1,result-text-v2,title-pair-intellectImagination-high--conscientiousness-low,1,思いついたことをすぐ試してみたくなったのはどんなときでしたか。,approved
title-reflection-pair-intellectImagination-high--conscientiousness-low-2,result-text-v2,title-pair-intellectImagination-high--conscientiousness-low,2,興味が薄れてしまったテーマの中に、もう一度考えてみたいものはありますか。,approved
title-reflection-pair-intellectImagination-high--conscientiousness-low-3,result-text-v2,title-pair-intellectImagination-high--conscientiousness-low,3,気になっているテーマについて、思いついた方法を試してみませんか。,approved
title-reflection-pair-intellectImagination-low--conscientiousness-high-1,result-text-v2,title-pair-intellectImagination-low--conscientiousness-high,1,慣れた手順を続けたことで、安心して進められた場面はありましたか。,approved
title-reflection-pair-intellectImagination-low--conscientiousness-high-2,result-text-v2,title-pair-intellectImagination-low--conscientiousness-high,2,いつもの方法が今の状況にも合っているか、確かめたことはありましたか。,approved
title-reflection-pair-intellectImagination-low--conscientiousness-high-3,result-text-v2,title-pair-intellectImagination-low--conscientiousness-high,3,よく使う手順を一つ選び、今も続けたい理由をメモしてみませんか。,approved
title-reflection-pair-intellectImagination-low--conscientiousness-low-1,result-text-v2,title-pair-intellectImagination-low--conscientiousness-low,1,その場の状況を見ながら方針を決めたのはどんなときでしたか。,approved
title-reflection-pair-intellectImagination-low--conscientiousness-low-2,result-text-v2,title-pair-intellectImagination-low--conscientiousness-low,2,予定を決めずに過ごした日は、自然とどこへ足が向きましたか。,approved
title-reflection-pair-intellectImagination-low--conscientiousness-low-3,result-text-v2,title-pair-intellectImagination-low--conscientiousness-low,3,身近な疑問を、実際に確かめてみませんか。,approved
title-reflection-pair-intellectImagination-high--extraversion-high-1,result-text-v2,title-pair-intellectImagination-high--extraversion-high,1,アイデアを誰かに話すとき、相手の反応を確かめるために何を意識していますか。,approved
title-reflection-pair-intellectImagination-high--extraversion-high-2,result-text-v2,title-pair-intellectImagination-high--extraversion-high,2,人と話した後で、考え直したくなったテーマはありますか。,approved
title-reflection-pair-intellectImagination-high--extraversion-high-3,result-text-v2,title-pair-intellectImagination-high--extraversion-high,3,気になっているテーマを一つ選び、誰かに話したい要点を一文にしてみませんか。,approved
title-reflection-pair-intellectImagination-high--extraversion-low-1,result-text-v2,title-pair-intellectImagination-high--extraversion-low,1,一人で考えているうちに、見方が大きく変わったテーマはありましたか。,approved
title-reflection-pair-intellectImagination-high--extraversion-low-2,result-text-v2,title-pair-intellectImagination-high--extraversion-low,2,考えを深めるとき、どんな場所や時間なら集中しやすいですか。,approved
title-reflection-pair-intellectImagination-high--extraversion-low-3,result-text-v2,title-pair-intellectImagination-high--extraversion-low,3,最近考えていたことを一つ選び、今の時点でまとまっている考えを短く書いてみませんか。,approved
title-reflection-pair-intellectImagination-low--extraversion-high-1,result-text-v2,title-pair-intellectImagination-low--extraversion-high,1,最近、人と話して盛り上がった身近な話題は何でしたか。,approved
title-reflection-pair-intellectImagination-low--extraversion-high-2,result-text-v2,title-pair-intellectImagination-low--extraversion-high,2,誰かの体験談を聞いて、自分も試したくなったことはありましたか。,approved
title-reflection-pair-intellectImagination-low--extraversion-high-3,result-text-v2,title-pair-intellectImagination-low--extraversion-high,3,最近知ったことを一つ選び、次の会話で話題にしてみませんか。,approved
title-reflection-pair-intellectImagination-low--extraversion-low-1,result-text-v2,title-pair-intellectImagination-low--extraversion-low,1,慣れた場所で静かに過ごすなら、何をしている時間が心地よいですか。,approved
title-reflection-pair-intellectImagination-low--extraversion-low-2,result-text-v2,title-pair-intellectImagination-low--extraversion-low,2,いつもの場所から見える景色に、最近何か変化はありましたか。,approved
title-reflection-pair-intellectImagination-low--extraversion-low-3,result-text-v2,title-pair-intellectImagination-low--extraversion-low,3,好きな場所で、目に入ったものを一つだけメモしてみませんか。,approved
title-reflection-pair-intellectImagination-high--agreeableness-high-1,result-text-v2,title-pair-intellectImagination-high--agreeableness-high,1,意見が違う相手の話を聞いて、思いがけない共通点に気づいたことはありましたか。,approved
title-reflection-pair-intellectImagination-high--agreeableness-high-2,result-text-v2,title-pair-intellectImagination-high--agreeableness-high,2,自分の考えを大切にしながら、相手の考えにも共感できた場面はありましたか。,approved
title-reflection-pair-intellectImagination-high--agreeableness-high-3,result-text-v2,title-pair-intellectImagination-high--agreeableness-high,3,最近聞いた意見を一つ選び、共感した点と自分の考えを分けて書いてみませんか。,approved
title-reflection-pair-intellectImagination-high--agreeableness-low-1,result-text-v2,title-pair-intellectImagination-high--agreeableness-low,1,周囲と意見が違っても、自分の考えを深めたくなったのはどんなときでしたか。,approved
title-reflection-pair-intellectImagination-high--agreeableness-low-2,result-text-v2,title-pair-intellectImagination-high--agreeableness-low,2,独自の考えを伝えるとき、どんな背景や理由を最初に伝えていますか。,approved
title-reflection-pair-intellectImagination-high--agreeableness-low-3,result-text-v2,title-pair-intellectImagination-high--agreeableness-low,3,周囲とは違う発想について、さらに確かめたいことを書いてみませんか。,approved
title-reflection-pair-intellectImagination-low--agreeableness-high-1,result-text-v2,title-pair-intellectImagination-low--agreeableness-high,1,誰かを手伝うとき、無理なくできる範囲をどう決めていますか。,approved
title-reflection-pair-intellectImagination-low--agreeableness-high-2,result-text-v2,title-pair-intellectImagination-low--agreeableness-high,2,誰かと過ごす中で、自分が望んでいることに気づいたのはどんなときでしたか。,approved
title-reflection-pair-intellectImagination-low--agreeableness-high-3,result-text-v2,title-pair-intellectImagination-low--agreeableness-high,3,身近な人のためにできることを一つ思い浮かべ、必要かどうかその人に尋ねてみませんか。,approved
title-reflection-pair-intellectImagination-low--agreeableness-low-1,result-text-v2,title-pair-intellectImagination-low--agreeableness-low,1,自分の判断を伝えるとき、どんな事実や経験を根拠にしていますか。,approved
title-reflection-pair-intellectImagination-low--agreeableness-low-2,result-text-v2,title-pair-intellectImagination-low--agreeableness-low,2,相手と前提が違うと気づいたのは、どんなときでしたか。,approved
title-reflection-pair-intellectImagination-low--agreeableness-low-3,result-text-v2,title-pair-intellectImagination-low--agreeableness-low,3,次に誰かと意見を交わすとき、「確認できた事実」と「自分の考え」を分けて伝えてみませんか。,approved
title-reflection-pair-intellectImagination-high--emotionalStability-high-1,result-text-v2,title-pair-intellectImagination-high--emotionalStability-high,1,考えを広げている途中で、いったん現状を確かめたことはありましたか。,approved
title-reflection-pair-intellectImagination-high--emotionalStability-high-2,result-text-v2,title-pair-intellectImagination-high--emotionalStability-high,2,落ち着いて考えたいとき、どんな場所や時間を選んでいますか。,approved
title-reflection-pair-intellectImagination-high--emotionalStability-high-3,result-text-v2,title-pair-intellectImagination-high--emotionalStability-high,3,外の景色を眺めながら、次に試したいアイデアを一つ思い浮かべてみませんか。,approved
title-reflection-pair-intellectImagination-high--emotionalStability-low-1,result-text-v2,title-pair-intellectImagination-high--emotionalStability-low,1,いくつもの可能性が浮かんだとき、何を優先して確かめますか。,approved
title-reflection-pair-intellectImagination-high--emotionalStability-low-2,result-text-v2,title-pair-intellectImagination-high--emotionalStability-low,2,音や景色の小さな変化が、いつもより気になったことはありましたか。,approved
title-reflection-pair-intellectImagination-high--emotionalStability-low-3,result-text-v2,title-pair-intellectImagination-high--emotionalStability-low,3,今気になっていることを一つ選び、確認できている事実だけをまとめてみませんか。,approved
title-reflection-pair-intellectImagination-low--emotionalStability-high-1,result-text-v2,title-pair-intellectImagination-low--emotionalStability-high,1,身近な事実を確かめたことで、落ち着いて判断できた場面はありましたか。,approved
title-reflection-pair-intellectImagination-low--emotionalStability-high-2,result-text-v2,title-pair-intellectImagination-low--emotionalStability-high,2,いつもの方法が今の状況にも合っているか、何を軸にして判断していますか。,approved
title-reflection-pair-intellectImagination-low--emotionalStability-high-3,result-text-v2,title-pair-intellectImagination-low--emotionalStability-high,3,今日うまく進んだことを一つ選び、その理由を短くメモしてみませんか。,approved
title-reflection-pair-intellectImagination-low--emotionalStability-low-1,result-text-v2,title-pair-intellectImagination-low--emotionalStability-low,1,身近な変化に気づいて、早めに対応したことはありましたか。,approved
title-reflection-pair-intellectImagination-low--emotionalStability-low-2,result-text-v2,title-pair-intellectImagination-low--emotionalStability-low,2,周囲の変化の中で、特に気になりやすいのはどんなことですか。,approved
title-reflection-pair-intellectImagination-low--emotionalStability-low-3,result-text-v2,title-pair-intellectImagination-low--emotionalStability-low,3,今気になっていることをいくつか挙げ、「対応する」「様子を見る」に振り分けてみませんか。,approved
title-reflection-pair-conscientiousness-high--extraversion-high-1,result-text-v2,title-pair-conscientiousness-high--extraversion-high,1,人と一緒に進める予定を立てるとき、自分の役割をどのように決めていますか。,approved
title-reflection-pair-conscientiousness-high--extraversion-high-2,result-text-v2,title-pair-conscientiousness-high--extraversion-high,2,いくつもの予定や作業が重なる中でも、自分のペースを保てたのはどんなときでしたか。,approved
title-reflection-pair-conscientiousness-high--extraversion-high-3,result-text-v2,title-pair-conscientiousness-high--extraversion-high,3,次に誰かと作業するとき、事前に共有したいことを一つメモしてみませんか。,approved
title-reflection-pair-conscientiousness-high--extraversion-low-1,result-text-v2,title-pair-conscientiousness-high--extraversion-low,1,一人で作業を進めるとき、どこまで準備してから始めていますか。,approved
title-reflection-pair-conscientiousness-high--extraversion-low-2,result-text-v2,title-pair-conscientiousness-high--extraversion-low,2,作業の途中で、どの段階まで進めば周囲と共有しやすいですか。,approved
title-reflection-pair-conscientiousness-high--extraversion-low-3,result-text-v2,title-pair-conscientiousness-high--extraversion-low,3,今日進めていることを一つ選び、途中経過を一文でまとめてみませんか。,approved
title-reflection-pair-conscientiousness-low--extraversion-high-1,result-text-v2,title-pair-conscientiousness-low--extraversion-high,1,人からの誘いで予定を変えた日は、どんなふうに過ごしましたか。,approved
title-reflection-pair-conscientiousness-low--extraversion-high-2,result-text-v2,title-pair-conscientiousness-low--extraversion-high,2,その場の流れに応じて予定を変えるときも、大切にしていることはありますか。,approved
title-reflection-pair-conscientiousness-low--extraversion-high-3,result-text-v2,title-pair-conscientiousness-low--extraversion-high,3,最近の会話から、心に残ったことを一つメモしてみませんか。,approved
title-reflection-pair-conscientiousness-low--extraversion-low-1,result-text-v2,title-pair-conscientiousness-low--extraversion-low,1,何も予定を入れない時間に、自然としたくなることは何ですか。,approved
title-reflection-pair-conscientiousness-low--extraversion-low-2,result-text-v2,title-pair-conscientiousness-low--extraversion-low,2,静かな時間の中で、思いがけない考えが浮かんだことはありましたか。,approved
title-reflection-pair-conscientiousness-low--extraversion-low-3,result-text-v2,title-pair-conscientiousness-low--extraversion-low,3,今日、何もしない時間を10分だけ作ってみませんか。,approved
title-reflection-pair-conscientiousness-high--agreeableness-high-1,result-text-v2,title-pair-conscientiousness-high--agreeableness-high,1,周囲の人と一緒に作業を進めるとき、役割や期限をどのように共有していますか。,approved
title-reflection-pair-conscientiousness-high--agreeableness-high-2,result-text-v2,title-pair-conscientiousness-high--agreeableness-high,2,周囲の人を手助けするうちに、自分の作業を抱えすぎてしまったことはありますか。,approved
title-reflection-pair-conscientiousness-high--agreeableness-high-3,result-text-v2,title-pair-conscientiousness-high--agreeableness-high,3,他の人の協力が必要な予定について、誰に相談したいか考えてみませんか。,approved
title-reflection-pair-conscientiousness-high--agreeableness-low-1,result-text-v2,title-pair-conscientiousness-high--agreeableness-low,1,目標やルールを決めるとき、どんな基準を優先していますか。,approved
title-reflection-pair-conscientiousness-high--agreeableness-low-2,result-text-v2,title-pair-conscientiousness-high--agreeableness-low,2,同じ進め方ではうまくいかないと感じたのは、どんな場面でしたか。,approved
title-reflection-pair-conscientiousness-high--agreeableness-low-3,result-text-v2,title-pair-conscientiousness-high--agreeableness-low,3,基準を決めるとき、例外にする条件も書き添えてみませんか。,approved
title-reflection-pair-conscientiousness-low--agreeableness-high-1,result-text-v2,title-pair-conscientiousness-low--agreeableness-high,1,相手の希望に合わせて予定を変えたのは、どんなときでしたか。,approved
title-reflection-pair-conscientiousness-low--agreeableness-high-2,result-text-v2,title-pair-conscientiousness-low--agreeableness-high,2,誰かと過ごす中で、自分の希望も伝えられた場面はありましたか。,approved
title-reflection-pair-conscientiousness-low--agreeableness-high-3,result-text-v2,title-pair-conscientiousness-low--agreeableness-high,3,誰かとともに過ごすとき、相手のやりたいことを尋ねてみませんか。,approved
title-reflection-pair-conscientiousness-low--agreeableness-low-1,result-text-v2,title-pair-conscientiousness-low--agreeableness-low,1,状況に応じた判断が必要なとき、自分の考えをどのように伝えていますか。,approved
title-reflection-pair-conscientiousness-low--agreeableness-low-2,result-text-v2,title-pair-conscientiousness-low--agreeableness-low,2,周囲に合わせずに動いたことで、自分のペースを保てた場面はありましたか。,approved
title-reflection-pair-conscientiousness-low--agreeableness-low-3,result-text-v2,title-pair-conscientiousness-low--agreeableness-low,3,今日やりたいことの中から、今の気分に合うものを選んでみませんか。,approved
title-reflection-pair-conscientiousness-high--emotionalStability-high-1,result-text-v2,title-pair-conscientiousness-high--emotionalStability-high,1,予定外のことが起きたとき、手順をどのように組み直しましたか。,approved
title-reflection-pair-conscientiousness-high--emotionalStability-high-2,result-text-v2,title-pair-conscientiousness-high--emotionalStability-high,2,順調に進んでいるとき、負担や余力をどう確かめていますか。,approved
title-reflection-pair-conscientiousness-high--emotionalStability-high-3,result-text-v2,title-pair-conscientiousness-high--emotionalStability-high,3,取り組む予定を、いくつかの小さな作業に分けてみませんか。,approved
title-reflection-pair-conscientiousness-high--emotionalStability-low-1,result-text-v2,title-pair-conscientiousness-high--emotionalStability-low,1,心配なことに備えるとき、何から準備していますか。,approved
title-reflection-pair-conscientiousness-high--emotionalStability-low-2,result-text-v2,title-pair-conscientiousness-high--emotionalStability-low,2,何度か確認したことで、安心して進められた場面はありましたか。,approved
title-reflection-pair-conscientiousness-high--emotionalStability-low-3,result-text-v2,title-pair-conscientiousness-high--emotionalStability-low,3,今準備していることについて、「ここまでできたら十分」という基準を書いてみませんか。,approved
title-reflection-pair-conscientiousness-low--emotionalStability-high-1,result-text-v2,title-pair-conscientiousness-low--emotionalStability-high,1,予定外のことが起きても、流れに合わせて動けた場面はありましたか。,approved
title-reflection-pair-conscientiousness-low--emotionalStability-high-2,result-text-v2,title-pair-conscientiousness-low--emotionalStability-high,2,成り行きに任せる中でも、守ろうとした期限や条件はありましたか。,approved
title-reflection-pair-conscientiousness-low--emotionalStability-high-3,result-text-v2,title-pair-conscientiousness-low--emotionalStability-high,3,最近の予定外の出来事から、心に残った発見をメモしてみませんか。,approved
title-reflection-pair-conscientiousness-low--emotionalStability-low-1,result-text-v2,title-pair-conscientiousness-low--emotionalStability-low,1,その日の気持ちに合わせて、予定を変えたことはありましたか。,approved
title-reflection-pair-conscientiousness-low--emotionalStability-low-2,result-text-v2,title-pair-conscientiousness-low--emotionalStability-low,2,負担を感じたとき、どのような場所や過ごし方で気持ちを整えていますか。,approved
title-reflection-pair-conscientiousness-low--emotionalStability-low-3,result-text-v2,title-pair-conscientiousness-low--emotionalStability-low,3,気がかりが重なったとき、今は扱わないことを決めてみませんか。,approved
title-reflection-pair-extraversion-high--agreeableness-high-1,result-text-v2,title-pair-extraversion-high--agreeableness-high,1,人が集まる場では、どのような役割やふるまい方がしっくりきますか。,approved
title-reflection-pair-extraversion-high--agreeableness-high-2,result-text-v2,title-pair-extraversion-high--agreeableness-high,2,場を盛り上げながら、自分の希望も伝えられたことはありましたか。,approved
title-reflection-pair-extraversion-high--agreeableness-high-3,result-text-v2,title-pair-extraversion-high--agreeableness-high,3,参加する集まりで、誰とどんな話をしたいか考えてみませんか。,approved
title-reflection-pair-extraversion-high--agreeableness-low-1,result-text-v2,title-pair-extraversion-high--agreeableness-low,1,自分の意見を率直に伝えたことで、話が進んだ場面はありましたか。,approved
title-reflection-pair-extraversion-high--agreeableness-low-2,result-text-v2,title-pair-extraversion-high--agreeableness-low,2,相手と意見が違ったとき、どのように話を進めていますか。,approved
title-reflection-pair-extraversion-high--agreeableness-low-3,result-text-v2,title-pair-extraversion-high--agreeableness-low,3,相手と意見が違うとき、話のどこから切り出すか考えてみませんか。,approved
title-reflection-pair-extraversion-low--agreeableness-high-1,result-text-v2,title-pair-extraversion-low--agreeableness-high,1,誰かの話を聞くとき、相手が話しやすいように意識していることはありますか。,approved
title-reflection-pair-extraversion-low--agreeableness-high-2,result-text-v2,title-pair-extraversion-low--agreeableness-high,2,相手の話を聞く中で、自分の考えも伝えたいと思ったのはどんなときでしたか。,approved
title-reflection-pair-extraversion-low--agreeableness-high-3,result-text-v2,title-pair-extraversion-low--agreeableness-high,3,身近な人の話を聞いたあと、自分が理解したことを短く伝えてみませんか。,approved
title-reflection-pair-extraversion-low--agreeableness-low-1,result-text-v2,title-pair-extraversion-low--agreeableness-low,1,人と関わるとき、自分に合う距離をどう決めていますか。,approved
title-reflection-pair-extraversion-low--agreeableness-low-2,result-text-v2,title-pair-extraversion-low--agreeableness-low,2,一人で過ごしたことで、考えが整理された場面はありましたか。,approved
title-reflection-pair-extraversion-low--agreeableness-low-3,result-text-v2,title-pair-extraversion-low--agreeableness-low,3,落ち着いて過ごせる場所で、好きなことをしてみませんか。,approved
title-reflection-pair-extraversion-high--emotionalStability-high-1,result-text-v2,title-pair-extraversion-high--emotionalStability-high,1,人が多い場所でも、自然体で過ごせたのはどんなときでしたか。,approved
title-reflection-pair-extraversion-high--emotionalStability-high-2,result-text-v2,title-pair-extraversion-high--emotionalStability-high,2,周囲が緊張しているとき、雰囲気を和らげるためにどのような声をかけていますか。,approved
title-reflection-pair-extraversion-high--emotionalStability-high-3,result-text-v2,title-pair-extraversion-high--emotionalStability-high,3,しばらく会っていない人に、最近の様子を尋ねてみませんか。,approved
title-reflection-pair-extraversion-high--emotionalStability-low-1,result-text-v2,title-pair-extraversion-high--emotionalStability-low,1,人と話した後、相手の反応が気になって会話を振り返ったことはありますか。,approved
title-reflection-pair-extraversion-high--emotionalStability-low-2,result-text-v2,title-pair-extraversion-high--emotionalStability-low,2,人が多い場で刺激が強いと感じたとき、過ごし方をどう変えていますか。,approved
title-reflection-pair-extraversion-high--emotionalStability-low-3,result-text-v2,title-pair-extraversion-high--emotionalStability-low,3,会話の後に気になったことを、「実際の反応」と「自分の想像」に分けて書いてみませんか。,approved
title-reflection-pair-extraversion-low--emotionalStability-high-1,result-text-v2,title-pair-extraversion-low--emotionalStability-high,1,何かを始めるとき、タイミングをどのように見極めていますか。,approved
title-reflection-pair-extraversion-low--emotionalStability-high-2,result-text-v2,title-pair-extraversion-low--emotionalStability-high,2,一人で静かに過ごす中で、やってみたいことが浮かんだことはありますか。,approved
title-reflection-pair-extraversion-low--emotionalStability-high-3,result-text-v2,title-pair-extraversion-low--emotionalStability-high,3,これから始めたいことについて、必要な情報を調べてみませんか。,approved
title-reflection-pair-extraversion-low--emotionalStability-low-1,result-text-v2,title-pair-extraversion-low--emotionalStability-low,1,刺激の多い場所で疲れを感じたとき、その後をどのように過ごしていますか。,approved
title-reflection-pair-extraversion-low--emotionalStability-low-2,result-text-v2,title-pair-extraversion-low--emotionalStability-low,2,周囲の反応が気になったとき、どんな相手なら安心して話せますか。,approved
title-reflection-pair-extraversion-low--emotionalStability-low-3,result-text-v2,title-pair-extraversion-low--emotionalStability-low,3,気持ちが落ち着かないとき、好きな音楽を聴く時間を作ってみませんか。,approved
title-reflection-pair-agreeableness-high--emotionalStability-high-1,result-text-v2,title-pair-agreeableness-high--emotionalStability-high,1,意見が分かれたとき、お互いが納得できる点をどのように探していますか。,approved
title-reflection-pair-agreeableness-high--emotionalStability-high-2,result-text-v2,title-pair-agreeableness-high--emotionalStability-high,2,相手に配慮しながら、自分にとって大切なことも伝えられた場面はありましたか。,approved
title-reflection-pair-agreeableness-high--emotionalStability-high-3,result-text-v2,title-pair-agreeableness-high--emotionalStability-high,3,話し合いの場で、出てきた意見を短くまとめてみませんか。,approved
title-reflection-pair-agreeableness-high--emotionalStability-low-1,result-text-v2,title-pair-agreeableness-high--emotionalStability-low,1,相手の表情や声の変化に気づいたのは、どんなときでしたか。,approved
title-reflection-pair-agreeableness-high--emotionalStability-low-2,result-text-v2,title-pair-agreeableness-high--emotionalStability-low,2,誰かの気持ちを気にかける中で、自分まで疲れてしまったことはありますか。,approved
title-reflection-pair-agreeableness-high--emotionalStability-low-3,result-text-v2,title-pair-agreeableness-high--emotionalStability-low,3,相手を気にかけているとき、自分にできることと相手に任せることを分けて考えてみませんか。,approved
title-reflection-pair-agreeableness-low--emotionalStability-high-1,result-text-v2,title-pair-agreeableness-low--emotionalStability-high,1,反対意見が出たとき、落ち着いて自分の立場を伝えられた場面はありましたか。,approved
title-reflection-pair-agreeableness-low--emotionalStability-high-2,result-text-v2,title-pair-agreeableness-low--emotionalStability-high,2,相手が強く反応したとき、そのまま話を続けるか、いったん区切るかをどう決めていますか。,approved
title-reflection-pair-agreeableness-low--emotionalStability-high-3,result-text-v2,title-pair-agreeableness-low--emotionalStability-high,3,意見が分かれた話題について、自分が重視する点を短く整理してみませんか。,approved
title-reflection-pair-agreeableness-low--emotionalStability-low-1,result-text-v2,title-pair-agreeableness-low--emotionalStability-low,1,問題に気づいたとき、どのようなタイミングで周囲に伝えていますか。,approved
title-reflection-pair-agreeableness-low--emotionalStability-low-2,result-text-v2,title-pair-agreeableness-low--emotionalStability-low,2,強い違和感を覚えたとき、何を確かめてから言葉にしていますか。,approved
title-reflection-pair-agreeableness-low--emotionalStability-low-3,result-text-v2,title-pair-agreeableness-low--emotionalStability-low,3,気になっている問題を、「確認できた事実」「自分の受け止め」「望んでいること」に分けて書いてみませんか。,approved
